epoch,train_loss,val_loss
1,5.198181896209717,5.309431114196777
2,5.196129179000854,5.302664585113526
3,5.170351963043213,5.300679035186768
4,5.1616260433197025,5.297831726074219
5,5.15074013710022,5.291667671203613
6,5.147643313407898,5.2926280975341795
7,5.123255481719971,5.289212474822998
8,5.122023510932922,5.2993378257751464
9,5.109472756385803,5.290443801879883
10,5.097168736457824,5.28800048828125
11,5.097949213981629,5.289269142150879
12,5.084516382217407,5.290063495635986
13,5.056777858734131,5.288576354980469
14,5.05363513469696,5.2899308776855465
15,5.045973258018494,5.28875961303711
16,5.016684923171997,5.291663627624512
17,5.014171886444092,5.286715087890625
18,5.002992773056031,5.28942756652832
19,4.998663740158081,5.291093826293945
20,4.990226893424988,5.28902717590332
21,4.976159901618957,5.294226665496826
22,4.974479603767395,5.287344074249267
23,4.96882574558258,5.284678516387939
24,4.9612280368804935,5.286059322357178
25,4.9385099649429325,5.2826449584960935
26,4.926930856704712,5.280026817321778
27,4.931217975616455,5.297414627075195
28,4.929288163185119,5.284968147277832
29,4.909583034515381,5.2891621589660645
30,4.898443360328674,5.289282112121582
31,4.898228077888489,5.28237018585205
32,4.884300622940064,5.273935222625733
33,4.874396328926086,5.278294162750244
34,4.867566876411438,5.284932975769043
35,4.86037353515625,5.280897922515869
36,4.84077633857727,5.286207447052002
37,4.837653179168701,5.285297908782959
38,4.838681335449219,5.285874195098877
39,4.8074951171875,5.292420349121094
40,4.809952731132507,5.301615505218506
41,4.817788858413696,5.295635585784912
42,4.798768525123596,5.299135818481445
43,4.784886136054992,5.30151216506958
44,4.785069689750672,5.292773056030273
45,4.76819121837616,5.298873119354248
46,4.779780759811401,5.299085464477539
47,4.745828800201416,5.306199035644531
48,4.748870191574096,5.3083152580261235
49,4.759360055923462,5.300710830688477
50,4.741944541931153,5.307584533691406
51,4.728611793518066,5.3189402770996095
52,4.740379118919373,5.308779315948486
53,4.7041467714309695,5.3179285430908205
54,4.717975292205811,5.314881324768066
55,4.690610466003418,5.303569011688232
56,4.686462368965149,5.3179757690429685
57,4.686030893325806,5.321128082275391
58,4.689955043792724,5.31452449798584
59,4.687967658042908,5.312321014404297
60,4.6585878562927245,5.321572113037109
61,4.64821008682251,5.323116455078125
62,4.652386198043823,5.322640132904053
63,4.64098566532135,5.32002857208252
64,4.626308598518372,5.321434879302979
65,4.639413089752197,5.325224781036377
66,4.648028087615967,5.328178100585937
67,4.629233021736145,5.323811988830567
68,4.614207849502564,5.330525817871094
69,4.622810792922974,5.337650756835938
70,4.631484007835388,5.329810390472412
71,4.623730773925781,5.326494235992431
72,4.610290675163269,5.327508220672607
73,4.598344750404358,5.31939281463623
74,4.5837228488922115,5.3603098487854
75,4.586294326782227,5.340825023651123
76,4.569444270133972,5.346576061248779
77,4.575405945777893,5.342651348114014
78,4.566130747795105,5.337900505065918
79,4.566629605293274,5.339913787841797
80,4.544868378639221,5.3391936492919925
81,4.553859076499939,5.3455948066711425
82,4.5491047906875615,5.346575584411621
83,4.543418135643005,5.341848163604737
84,4.533489961624145,5.3531708335876464
85,4.533568730354309,5.337615966796875
86,4.538992652893066,5.353595695495605
87,4.524914112091064,5.353332691192627
88,4.505367617607117,5.360293998718261
89,4.528438348770141,5.362791614532471
90,4.5070999717712406,5.3548118591308596
91,4.505998754501343,5.349800052642823
92,4.510217680931091,5.347609233856201
93,4.478753585815429,5.36283805847168
94,4.481919722557068,5.365219650268554
95,4.472641997337341,5.374214096069336
96,4.4842549991607665,5.374001617431641
97,4.47264416217804,5.376576671600342
98,4.46452160358429,5.385265922546386
99,4.453249073028564,5.386017570495605
100,4.457398543357849,5.381116905212402
101,4.4349658489227295,5.375097541809082
102,4.450215377807617,5.381263637542725
103,4.448025631904602,5.384711227416992
104,4.434261608123779,5.392709846496582
105,4.453398919105529,5.390386219024658
106,4.4138080549240115,5.380556049346924
107,4.427714166641235,5.389591541290283
108,4.414475612640381,5.401995658874512
109,4.424170770645142,5.391909122467041
110,4.392387771606446,5.400781211853027
111,4.409116253852845,5.404400501251221
112,4.389564719200134,5.3954499816894534
113,4.408242321014404,5.399640083312988
114,4.413334875106812,5.406657409667969
115,4.3970193195343015,5.400773010253906
116,4.389955196380615,5.40438777923584
117,4.395984454154968,5.39990198135376
118,4.381347889900208,5.410421504974365
119,4.383167924880982,5.407109298706055
120,4.365938439369201,5.415677700042725
121,4.364824123382569,5.4139191436767575
122,4.364607591629028,5.410528182983398
123,4.3711118268966676,5.418694305419922
124,4.350864386558532,5.422335548400879
125,4.362594420909882,5.430496654510498
126,4.322671322822571,5.426030712127686
127,4.344061050415039,5.429185638427734
128,4.343776545524597,5.428842449188233
129,4.319111468791962,5.433338565826416
130,4.317009015083313,5.432821388244629
131,4.325910840034485,5.429171829223633
132,4.311453089714051,5.431269474029541
133,4.327953839302063,5.428273029327393
134,4.322091863155365,5.4324249649047855
135,4.310154209136963,5.438581142425537
136,4.313953332901001,5.435714263916015
137,4.316748833656311,5.443008899688721
138,4.304053676128388,5.444004745483398
139,4.327130150794983,5.45301305770874
140,4.29993166923523,5.454823188781738
141,4.3028199052810665,5.442299041748047
142,4.301693754196167,5.457081985473633
143,4.289666838645935,5.453174324035644
144,4.289988024234772,5.460683403015136
145,4.279684293270111,5.445900325775146
146,4.288493731021881,5.469487590789795
147,4.290771136283874,5.47647310256958
148,4.281286947727203,5.448533706665039
149,4.267402322292328,5.469945087432861
150,4.246569638252258,5.467097053527832
151,4.270765109062195,5.467334403991699
152,4.270651512145996,5.478064746856689
153,4.259729769229889,5.47542070388794
154,4.256612815856934,5.4751215744018555
155,4.240703086853028,5.475257549285889
156,4.248782932758331,5.486621494293213
157,4.247663831710815,5.4754982185363765
158,4.226467909812928,5.480468006134033
159,4.241083924770355,5.479784069061279
160,4.246235508918762,5.473710136413574
161,4.233354609012604,5.480639572143555
162,4.215902149677277,5.490146503448487
163,4.2204097509384155,5.49565803527832
164,4.211792557239533,5.496781635284424
165,4.213399538993835,5.480643863677979
166,4.209902510643006,5.502783870697021
167,4.202970895767212,5.491498966217041
168,4.194590513706207,5.503913440704346
169,4.184802346229553,5.509796619415283
170,4.19512033700943,5.493688735961914
171,4.197578423023224,5.498316135406494
172,4.194074327945709,5.51899980545044
173,4.184724843502044,5.5017695808410645
174,4.17952219247818,5.509256248474121
175,4.175072088241577,5.502270793914795
176,4.179280292987824,5.501506652832031
177,4.175656092166901,5.521692714691162
178,4.17378497838974,5.513907432556152
179,4.154041013717651,5.524827785491944
180,4.173441157341004,5.523607940673828
181,4.148195173740387,5.5183870887756346
182,4.158653471469879,5.534594421386719
183,4.146631741523743,5.525698833465576
184,4.160596570968628,5.524581394195557
185,4.13750841140747,5.537343101501465
186,4.153119301795959,5.543893909454345
187,4.156937208175659,5.531696052551269
188,4.161548852920532,5.530690994262695
189,4.139189937114716,5.538709926605224
190,4.152161285877228,5.5232690238952635
191,4.113012719154358,5.538798217773437
192,4.118721601963043,5.53477933883667
193,4.146186912059784,5.531753978729248
194,4.116492788791657,5.5464412879943845
195,4.128733270168304,5.554337615966797
196,4.115703866481781,5.563216743469238
197,4.1239854526519775,5.555693473815918
198,4.116015548706055,5.540011405944824
199,4.095142741203308,5.552208366394043
200,4.111406097412109,5.551535320281983
