train_loss,phi_star
5.198181896209717,0.28296129375906587
5.196129179000854,0.31858952316098865
5.170351963043213,0.31858952316098865
5.1616260433197025,0.4228233643418702
5.15074013710022,0.4228233643418702
5.147643313407898,0.5151371931709007
5.123255481719971,0.5151371931709007
5.122023510932922,0.5309313654412008
5.109472756385803,0.5309313654412008
5.097168736457824,0.4540696988940365
5.097949213981629,0.4540696988940365
5.084516382217407,0.9732057051541849
5.056777858734131,0.9732057051541849
5.05363513469696,0.7964434053530862
5.045973258018494,0.7964434053530862
5.016684923171997,0.8132791695083545
5.014171886444092,0.8132791695083545
5.002992773056031,1.2889037221172543
4.998663740158081,1.2889037221172543
4.990226893424988,1.443958955403879
4.976159901618957,1.443958955403879
4.974479603767395,1.175362581370068
4.96882574558258,1.175362581370068
4.9612280368804935,1.4961696064869243
4.9385099649429325,1.4961696064869243
4.926930856704712,1.6263359555615544
4.931217975616455,1.6263359555615544
4.929288163185119,1.8575097746170512
4.909583034515381,1.8575097746170512
4.898443360328674,1.6677928663239907
4.898228077888489,1.6677928663239907
4.884300622940064,1.9170523923738818
4.874396328926086,1.9170523923738818
4.867566876411438,1.7701953887967332
4.86037353515625,1.7701953887967332
4.84077633857727,2.3118987788130143
4.837653179168701,2.3118987788130143
4.838681335449219,4.028130771886557
4.8074951171875,4.028130771886557
4.809952731132507,2.138494791291094
4.817788858413696,2.138494791291094
4.798768525123596,2.0956846136845497
4.784886136054992,2.0956846136845497
4.785069689750672,2.5415783865305137
4.76819121837616,2.5415783865305137
4.779780759811401,2.863568863719656
4.745828800201416,2.863568863719656
4.748870191574096,2.7160767605737313
4.759360055923462,2.7160767605737313
4.741944541931153,2.0611392180688854
4.728611793518066,2.0611392180688854
4.740379118919373,2.8626104718127645
4.7041467714309695,2.8626104718127645
4.717975292205811,3.822781914358657
4.690610466003418,3.822781914358657
4.686462368965149,3.171963394412213
4.686030893325806,3.171963394412213
4.689955043792724,3.2652129274096304
4.687967658042908,3.2652129274096304
4.6585878562927245,2.9091070920306596
4.64821008682251,2.9091070920306596
4.652386198043823,2.2341451905024154
4.64098566532135,2.2341451905024154
4.626308598518372,3.326064844969115
4.639413089752197,3.326064844969115
4.648028087615967,2.9821504150586895
4.629233021736145,2.9821504150586895
4.614207849502564,3.4312078463467373
4.622810792922974,3.4312078463467373
4.631484007835388,3.6500683495725
4.623730773925781,3.6500683495725
4.610290675163269,3.537708712836189
4.598344750404358,3.537708712836189
4.5837228488922115,3.348813662933127
4.586294326782227,3.348813662933127
4.569444270133972,3.814273814516709
4.575405945777893,3.814273814516709
4.566130747795105,3.482312449953067
4.566629605293274,3.482312449953067
4.544868378639221,3.8619321323526137
4.553859076499939,3.8619321323526137
4.5491047906875615,4.253252749239633
4.543418135643005,4.253252749239633
4.533489961624145,3.3073516260609046
4.533568730354309,3.3073516260609046
4.538992652893066,3.9030177750033275
4.524914112091064,3.9030177750033275
4.505367617607117,3.840093613068812
4.528438348770141,3.840093613068812
4.5070999717712406,3.9873861911864514
4.505998754501343,3.9873861911864514
4.510217680931091,4.73288657971822
4.478753585815429,4.73288657971822
4.481919722557068,4.619125135321707
4.472641997337341,4.619125135321707
4.4842549991607665,4.442357018815768
4.47264416217804,4.442357018815768
4.46452160358429,4.061950489458471
4.453249073028564,4.061950489458471
4.457398543357849,4.403453632444902
4.4349658489227295,4.403453632444902
4.450215377807617,4.098695932220991
4.448025631904602,4.098695932220991
4.434261608123779,4.134859664927735
4.453398919105529,4.134859664927735
4.4138080549240115,4.849295198902155
4.427714166641235,4.849295198902155
4.414475612640381,4.703862926179786
4.424170770645142,4.703862926179786
4.392387771606446,4.768401733714104
4.409116253852845,4.768401733714104
4.389564719200134,4.5813112761398385
4.408242321014404,4.5813112761398385
4.413334875106812,4.3467560646009265
4.3970193195343015,4.3467560646009265
4.389955196380615,4.20440273808655
4.395984454154968,4.20440273808655
4.381347889900208,4.323492977317352
4.383167924880982,4.323492977317352
4.365938439369201,4.202961974143275
4.364824123382569,4.202961974143275
4.364607591629028,4.542754386316673
4.3711118268966676,4.542754386316673
4.350864386558532,4.523066134969381
4.362594420909882,4.523066134969381
4.322671322822571,4.370634203611726
4.344061050415039,4.370634203611726
4.343776545524597,4.804227019481911
4.319111468791962,4.804227019481911
4.317009015083313,4.5147733824818745
4.325910840034485,4.5147733824818745
4.311453089714051,4.7796532210552325
4.327953839302063,4.7796532210552325
4.322091863155365,4.893842875227407
4.310154209136963,4.893842875227407
4.313953332901001,4.720348108647484
4.316748833656311,4.720348108647484
4.304053676128388,4.575499635718424
4.327130150794983,4.575499635718424
4.29993166923523,4.636806317422727
4.3028199052810665,4.636806317422727
4.301693754196167,4.916789447107004
4.289666838645935,4.916789447107004
4.289988024234772,4.475368203597988
4.279684293270111,4.475368203597988
4.288493731021881,4.916656195920096
4.290771136283874,4.916656195920096
4.281286947727203,4.571828603919709
4.267402322292328,4.571828603919709
4.246569638252258,4.747031962234102
4.270765109062195,4.747031962234102
4.270651512145996,4.848501660778899
4.259729769229889,4.848501660778899
4.256612815856934,4.592794792442028
4.240703086853028,4.592794792442028
4.248782932758331,4.695762452953753
4.247663831710815,4.695762452953753
4.226467909812928,5.161109361338564
4.241083924770355,5.161109361338564
4.246235508918762,4.887965754972535
4.233354609012604,4.887965754972535
4.215902149677277,4.85781323882442
4.2204097509384155,4.85781323882442
4.211792557239533,4.944631004501625
4.213399538993835,4.944631004501625
4.209902510643006,4.729593708781196
4.202970895767212,4.729593708781196
4.194590513706207,4.35923629672701
4.184802346229553,4.35923629672701
4.19512033700943,4.92371175955487
4.197578423023224,4.92371175955487
4.194074327945709,4.68481648188631
4.184724843502044,4.68481648188631
4.17952219247818,4.7809516491327155
4.175072088241577,4.7809516491327155
4.179280292987824,4.874341411357438
4.175656092166901,4.874341411357438
4.17378497838974,4.7328320387918
4.154041013717651,4.7328320387918
4.173441157341004,4.692047697228825
4.148195173740387,4.692047697228825
4.158653471469879,4.498536859239592
4.146631741523743,4.498536859239592
4.160596570968628,4.8311907621048205
4.13750841140747,4.8311907621048205
4.153119301795959,4.897346806347535
4.156937208175659,4.897346806347535
4.161548852920532,5.232044524466349
4.139189937114716,5.232044524466349
4.152161285877228,4.771721330846014
4.113012719154358,4.771721330846014
4.118721601963043,5.117280162064395
4.146186912059784,5.117280162064395
4.116492788791657,5.027962905429245
4.128733270168304,5.027962905429245
4.115703866481781,4.657387939688382
4.1239854526519775,4.657387939688382
4.116015548706055,5.49001163481791
4.095142741203308,5.49001163481791
4.111406097412109,4.885486378705121
