1.484522242015852075e-03,1.329615573283763263e-03,1.781426690419022534e-03,0.000000000000000000e+00,1.845325691271009205e-01,9.442852348126920536e-02,2.439780032530400322e-02,1.587793354503911356e-03,6.415717863320682772e-03,3.885575607363230509e-03,9.036222342705187041e-05,1.290888906100741006e-05,3.482560090878579206e-01,3.103942374719231845e-01,1.540030464978183952e-02,0.000000000000000000e+00,0.000000000000000000e+00,6.325355639893630658e-04,0.000000000000000000e+00,0.000000000000000000e+00,1.290888906100741006e-05,1.807244468541037300e-03,3.872666718302223018e-05,1.807244468541037408e-04,1.290888906100741006e-05,0.000000000000000000e+00,3.872666718302223018e-05,0.000000000000000000e+00,5.163555624402964023e-05,2.349417809103348468e-03,8.648955670874965010e-04,1.290888906100741006e-05
2.172541873992571513e-03,2.522951853668792613e-03,2.838320835377391473e-03,0.000000000000000000e+00,1.664096993482374331e-01,1.609783446632560011e-01,1.261475926834396306e-03,0.000000000000000000e+00,1.783586796551965906e-02,1.044221739435139198e-02,3.504099796762211541e-04,0.000000000000000000e+00,2.050599201065246291e-01,4.085780363024739126e-01,9.601233443128459957e-03,0.000000000000000000e+00,0.000000000000000000e+00,1.366598920737262593e-03,0.000000000000000000e+00,0.000000000000000000e+00,0.000000000000000000e+00,2.417828859765926326e-03,0.000000000000000000e+00,0.000000000000000000e+00,0.000000000000000000e+00,0.000000000000000000e+00,3.504099796762211812e-05,0.000000000000000000e+00,0.000000000000000000e+00,6.412502628074847819e-03,1.717008900413483693e-03,0.000000000000000000e+00
7.047056149124801376e-03,3.056250157864160918e-03,4.470713040842616039e-03,0.000000000000000000e+00,1.296759364502033385e-01,7.021797883357328018e-02,1.228562046929857765e-01,1.230077542875906114e-02,1.376575484327246038e-02,9.522366194337097620e-03,1.262913288373620178e-04,0.000000000000000000e+00,1.349296557298375887e-01,2.987547674976636092e-01,2.192417468616604873e-02,2.601601374049657828e-03,0.000000000000000000e+00,1.616529009118233958e-03,0.000000000000000000e+00,0.000000000000000000e+00,0.000000000000000000e+00,8.562552095173144723e-03,1.081053774847818942e-02,3.217903058775984509e-02,0.000000000000000000e+00,0.000000000000000000e+00,1.515495946048344268e-04,0.000000000000000000e+00,2.020661261397792448e-04,6.683337122073199077e-02,1.464979414513399580e-02,3.374504306534313602e-02
2.830112395892293853e-03,2.830112395892293853e-03,4.043017708417562771e-03,0.000000000000000000e+00,3.735748362577828025e-02,1.123958922940082421e-02,7.439152583488315915e-03,0.000000000000000000e+00,0.000000000000000000e+00,0.000000000000000000e+00,0.000000000000000000e+00,0.000000000000000000e+00,3.169725883399369115e-01,5.023853804479663232e-01,4.932481604269426875e-03,0.000000000000000000e+00,0.000000000000000000e+00,1.617207083367025152e-03,0.000000000000000000e+00,0.000000000000000000e+00,1.617207083367025152e-04,4.123878062585913974e-03,2.425810625050537728e-04,3.234414166734050303e-04,0.000000000000000000e+00,0.000000000000000000e+00,0.000000000000000000e+00,0.000000000000000000e+00,1.051184604188566294e-03,9.476833508530767280e-02,7.439152583488315915e-03,2.425810625050537728e-04
8.203843948948495723e-02,4.349334701143529880e-02,1.986392300033189562e-01,9.093926319283106297e-02,0.000000000000000000e+00,0.000000000000000000e+00,0.000000000000000000e+00,0.000000000000000000e+00,2.501734906315059015e-01,2.141477838457592764e-01,3.994810367196693218e-02,6.216999064659203822e-02,0.000000000000000000e+00,1.508614187007814548e-05,0.000000000000000000e+00,0.000000000000000000e+00,0.000000000000000000e+00,9.051685122046887965e-05,1.176719065866095463e-03,9.096943547657122472e-03,0.000000000000000000e+00,0.000000000000000000e+00,0.000000000000000000e+00,0.000000000000000000e+00,0.000000000000000000e+00,4.827565398425006553e-04,2.157318287421175051e-03,5.431011073228132237e-03,0.000000000000000000e+00,0.000000000000000000e+00,0.000000000000000000e+00,0.000000000000000000e+00
1.628723524747989482e-01,1.078642352852342695e-01,1.005021331219088654e-01,1.283648582323403987e-02,3.775437006833540980e-05,1.132631102050062294e-04,0.000000000000000000e+00,0.000000000000000000e+00,1.891116396722920812e-01,3.610450409634915481e-01,3.945331672141050294e-02,1.023143428851889560e-02,0.000000000000000000e+00,3.775437006833540980e-05,0.000000000000000000e+00,0.000000000000000000e+00,0.000000000000000000e+00,1.132631102050062294e-04,7.550874013667081960e-05,1.812209763280099670e-03,0.000000000000000000e+00,0.000000000000000000e+00,0.000000000000000000e+00,0.000000000000000000e+00,0.000000000000000000e+00,6.304979801412013626e-03,3.020349605466832784e-03,4.568278778268584396e-03,0.000000000000000000e+00,0.000000000000000000e+00,0.000000000000000000e+00,0.000000000000000000e+00
0.000000000000000000e+00,0.000000000000000000e+00,1.939132462686567193e-01,8.628731343283582711e-03,0.000000000000000000e+00,0.000000000000000000e+00,0.000000000000000000e+00,0.000000000000000000e+00,8.162313432835820604e-04,4.046175373134328068e-02,2.290111940298507343e-01,2.409048507462686617e-01,0.000000000000000000e+00,0.000000000000000000e+00,0.000000000000000000e+00,0.000000000000000000e+00,0.000000000000000000e+00,0.000000000000000000e+00,2.227145522388059712e-02,3.381529850746268356e-02,0.000000000000000000e+00,0.000000000000000000e+00,0.000000000000000000e+00,2.332089552238805926e-04,0.000000000000000000e+00,4.197761194029850720e-03,2.810167910447761153e-02,1.976445895522388196e-01,0.000000000000000000e+00,0.000000000000000000e+00,0.000000000000000000e+00,0.000000000000000000e+00
1.177856301531213234e-02,0.000000000000000000e+00,6.360424028268550634e-02,7.067137809187279060e-03,0.000000000000000000e+00,0.000000000000000000e+00,0.000000000000000000e+00,0.000000000000000000e+00,8.716136631330977103e-02,1.213191990577149604e-01,3.015312131919905547e-01,8.480565371024735566e-02,0.000000000000000000e+00,0.000000000000000000e+00,0.000000000000000000e+00,0.000000000000000000e+00,0.000000000000000000e+00,0.000000000000000000e+00,1.060070671378091946e-02,4.711425206124852418e-03,0.000000000000000000e+00,0.000000000000000000e+00,0.000000000000000000e+00,0.000000000000000000e+00,5.889281507656066172e-03,1.213191990577149604e-01,3.769140164899881934e-02,1.425206124852768097e-01,0.000000000000000000e+00,0.000000000000000000e+00,0.000000000000000000e+00,0.000000000000000000e+00
1.038573692129475578e-03,1.371449875504307352e-03,1.318189686164334328e-03,0.000000000000000000e+00,2.955008455055057603e-01,6.666844200631133477e-02,4.007829247832976442e-03,6.657523667496637379e-05,1.464655206849260305e-04,1.331504733499327611e-05,0.000000000000000000e+00,0.000000000000000000e+00,3.375630800367495077e-01,2.717334860125427687e-01,1.551203014526716592e-02,0.000000000000000000e+00,0.000000000000000000e+00,5.459169407347243003e-04,0.000000000000000000e+00,0.000000000000000000e+00,1.730956153549125963e-04,1.051888739464468779e-03,1.730956153549125963e-04,1.331504733499327611e-05,0.000000000000000000e+00,1.331504733499327611e-05,0.000000000000000000e+00,0.000000000000000000e+00,4.127664673847915799e-04,2.130407573598923961e-03,5.326018933997309903e-04,1.331504733499327611e-05
1.661063871860787074e-03,1.608331685452508075e-03,2.201568782545646440e-03,0.000000000000000000e+00,1.982334717553226600e-01,6.809043569969019938e-02,3.163931184496737259e-04,0.000000000000000000e+00,1.450135126227671131e-04,0.000000000000000000e+00,0.000000000000000000e+00,0.000000000000000000e+00,3.593830334190231124e-01,3.472809966383231250e-01,1.479137828752224645e-02,0.000000000000000000e+00,0.000000000000000000e+00,8.437149825324632329e-04,0.000000000000000000e+00,0.000000000000000000e+00,0.000000000000000000e+00,1.331487706809043490e-03,0.000000000000000000e+00,0.000000000000000000e+00,0.000000000000000000e+00,0.000000000000000000e+00,0.000000000000000000e+00,0.000000000000000000e+00,3.954913980620921573e-05,3.032100718476039760e-03,1.041460681563509318e-03,0.000000000000000000e+00
3.570739239529048363e-03,2.605674580196873282e-03,3.956765103261918222e-03,0.000000000000000000e+00,1.772823779193205829e-01,7.797722447403976354e-02,7.209033005211348821e-02,1.746767033391237109e-02,0.000000000000000000e+00,0.000000000000000000e+00,0.000000000000000000e+00,0.000000000000000000e+00,5.471916618413433936e-02,1.424435437174290664e-01,4.728816830727658807e-03,0.000000000000000000e+00,0.000000000000000000e+00,9.650646593321752977e-04,0.000000000000000000e+00,0.000000000000000000e+00,9.650646593321751893e-05,1.814321559544489551e-02,6.851959081258443898e-03,3.758926848098822493e-01,0.000000000000000000e+00,0.000000000000000000e+00,0.000000000000000000e+00,0.000000000000000000e+00,8.685581933989577246e-04,3.117158849642926235e-02,6.755452615325226867e-03,2.412661648330438353e-03
3.292632734257099764e-03,2.743860611880916470e-03,5.076142131979695035e-03,0.000000000000000000e+00,1.129098641788997132e-01,1.083824941692962049e-02,4.390176979009466351e-03,0.000000000000000000e+00,0.000000000000000000e+00,0.000000000000000000e+00,0.000000000000000000e+00,0.000000000000000000e+00,3.152695843051173119e-01,4.837426258746055918e-01,4.801756070791603388e-03,0.000000000000000000e+00,0.000000000000000000e+00,2.332281520098778999e-03,0.000000000000000000e+00,0.000000000000000000e+00,0.000000000000000000e+00,7.682809713266566115e-03,2.743860611880916470e-04,1.371930305940458235e-04,0.000000000000000000e+00,0.000000000000000000e+00,0.000000000000000000e+00,0.000000000000000000e+00,1.371930305940458235e-04,4.060913705583756028e-02,5.762107284949924586e-03,0.000000000000000000e+00
3.381063821347824461e-01,7.687120701281187352e-02,9.504779659672364656e-02,4.540676688746975859e-02,0.000000000000000000e+00,9.916306374201737701e-06,1.983261274840347540e-05,0.000000000000000000e+00,2.242771012653206886e-01,1.923267621276426864e-01,1.643131966205227737e-02,3.698782277577247930e-03,0.000000000000000000e+00,0.000000000000000000e+00,0.000000000000000000e+00,0.000000000000000000e+00,2.974891912260521141e-05,9.916306374201737362e-05,1.437864424259251931e-03,4.373091111022965952e-03,0.000000000000000000e+00,0.000000000000000000e+00,0.000000000000000000e+00,0.000000000000000000e+00,2.974891912260521141e-05,1.586609019872278032e-04,9.817143310459719528e-04,6.941414461941215882e-04,0.000000000000000000e+00,0.000000000000000000e+00,0.000000000000000000e+00,0.000000000000000000e+00
2.894547761904317507e-01,1.223231031940802682e-01,6.003713829817014513e-02,6.121287336586822211e-03,9.331230696016496902e-06,9.331230696016496902e-06,0.000000000000000000e+00,0.000000000000000000e+00,2.370599158322991284e-01,2.669851726744240095e-01,1.480866311457818170e-02,5.318801496729403657e-04,0.000000000000000000e+00,0.000000000000000000e+00,0.000000000000000000e+00,0.000000000000000000e+00,2.799369208804949240e-05,1.306372297442309532e-04,1.119747683521979696e-04,6.251924566331053517e-04,0.000000000000000000e+00,0.000000000000000000e+00,0.000000000000000000e+00,0.000000000000000000e+00,0.000000000000000000e+00,5.132176882809073686e-04,1.017104145865798184e-03,2.332807674004124378e-04,0.000000000000000000e+00,0.000000000000000000e+00,0.000000000000000000e+00,0.000000000000000000e+00
0.000000000000000000e+00,0.000000000000000000e+00,7.904976448904361963e-02,4.259676428425148570e-02,0.000000000000000000e+00,0.000000000000000000e+00,0.000000000000000000e+00,0.000000000000000000e+00,2.047921359819782820e-04,5.119803399549456915e-03,1.228752815891869833e-02,2.232234282203563250e-02,0.000000000000000000e+00,0.000000000000000000e+00,0.000000000000000000e+00,0.000000000000000000e+00,0.000000000000000000e+00,0.000000000000000000e+00,8.396477575261110729e-03,7.968462011058775607e-01,0.000000000000000000e+00,0.000000000000000000e+00,0.000000000000000000e+00,4.095842719639565641e-04,0.000000000000000000e+00,1.843129223837804620e-03,1.228752815891869746e-03,2.969485971738685184e-02,0.000000000000000000e+00,0.000000000000000000e+00,0.000000000000000000e+00,0.000000000000000000e+00
0.000000000000000000e+00,0.000000000000000000e+00,1.941747572815533951e-01,0.000000000000000000e+00,0.000000000000000000e+00,0.000000000000000000e+00,0.000000000000000000e+00,0.000000000000000000e+00,1.941747572815533812e-02,7.766990291262135249e-02,3.495145631067961278e-01,1.262135922330097082e-01,0.000000000000000000e+00,0.000000000000000000e+00,0.000000000000000000e+00,0.000000000000000000e+00,0.000000000000000000e+00,0.000000000000000000e+00,0.000000000000000000e+00,9.708737864077669061e-03,0.000000000000000000e+00,0.000000000000000000e+00,0.000000000000000000e+00,0.000000000000000000e+00,0.000000000000000000e+00,1.456310679611650394e-01,9.708737864077669061e-03,6.796116504854368690e-02,0.000000000000000000e+00,0.000000000000000000e+00,0.000000000000000000e+00,0.000000000000000000e+00
6.211180124223602064e-03,0.000000000000000000e+00,6.211180124223602064e-03,0.000000000000000000e+00,7.453416149068323171e-02,3.726708074534161586e-02,1.863354037267080793e-02,5.590062111801242378e-02,8.074534161490683204e-02,0.000000000000000000e+00,0.000000000000000000e+00,0.000000000000000000e+00,6.832298136645963138e-02,4.968944099378881651e-02,0.000000000000000000e+00,0.000000000000000000e+00,6.211180124223602064e-03,0.000000000000000000e+00,0.000000000000000000e+00,0.000000000000000000e+00,1.242236024844720413e-02,6.211180124223602411e-02,1.863354037267080793e-02,3.726708074534161586e-02,8.074534161490683204e-02,6.211180124223602064e-03,0.000000000000000000e+00,0.000000000000000000e+00,1.242236024844720482e-01,2.049689440993788803e-01,0.000000000000000000e+00,4.968944099378881651e-02
2.372479240806643110e-03,0.000000000000000000e+00,1.186239620403321555e-03,0.000000000000000000e+00,1.020166073546856511e-01,5.100830367734282556e-02,1.186239620403321468e-02,0.000000000000000000e+00,3.143534994068801769e-01,1.803084223013048659e-01,9.489916963226572438e-03,0.000000000000000000e+00,2.965599051008303844e-02,9.727164887307236663e-02,0.000000000000000000e+00,0.000000000000000000e+00,1.186239620403321555e-03,1.186239620403321555e-03,0.000000000000000000e+00,0.000000000000000000e+00,3.558718861209964231e-03,2.372479240806642936e-02,1.186239620403321555e-03,0.000000000000000000e+00,0.000000000000000000e+00,0.000000000000000000e+00,1.186239620403321555e-03,0.000000000000000000e+00,4.744958481613286219e-03,1.565836298932384296e-01,7.117437722419928461e-03,0.000000000000000000e+00
4.260199901687694232e-03,4.997542192364410642e-03,6.308372931345240103e-03,0.000000000000000000e+00,9.011961330493199838e-04,7.373422906767164095e-04,8.110765197443879637e-03,1.228903817794527349e-03,4.915615271178109397e-04,0.000000000000000000e+00,0.000000000000000000e+00,0.000000000000000000e+00,2.949369162706865638e-03,9.011961330493199838e-04,2.212026872030149229e-03,0.000000000000000000e+00,0.000000000000000000e+00,2.048173029657545437e-03,0.000000000000000000e+00,0.000000000000000000e+00,1.638538423726036285e-04,7.783057512698672922e-03,2.278387678191053645e-01,9.691954776339505029e-02,8.192692118630181424e-05,0.000000000000000000e+00,0.000000000000000000e+00,0.000000000000000000e+00,4.587907586432901814e-03,3.891528756349336288e-02,1.587743732590529144e-01,4.297886285433393239e-01
5.178446466060182378e-03,4.338698390482855459e-03,5.318404478656403242e-03,0.000000000000000000e+00,6.717984604618614485e-03,1.119664100769769081e-03,7.277816655003498808e-03,0.000000000000000000e+00,1.399580125962211351e-04,1.399580125962211351e-04,0.000000000000000000e+00,0.000000000000000000e+00,1.193841847445766269e-01,4.254723582925122594e-02,3.149055283414975513e-03,0.000000000000000000e+00,2.099370188943317026e-04,2.449265220433869891e-03,0.000000000000000000e+00,1.399580125962211351e-04,1.609517144856542972e-03,7.277816655003498808e-03,6.046186144156753123e-02,8.187543736878936593e-03,1.399580125962211351e-04,6.298110566829950808e-04,0.000000000000000000e+00,0.000000000000000000e+00,4.604618614415675187e-02,3.955213435969209268e-01,1.160951714485654318e-01,1.659202239328201600e-01
0.000000000000000000e+00,0.000000000000000000e+00,6.078147612156295510e-02,2.894356005788711796e-03,0.000000000000000000e+00,0.000000000000000000e+00,0.000000000000000000e+00,0.000000000000000000e+00,0.000000000000000000e+00,2.894356005788711796e-03,1.447178002894355898e-03,1.447178002894355898e-03,0.000000000000000000e+00,0.000000000000000000e+00,0.000000000000000000e+00,0.000000000000000000e+00,0.000000000000000000e+00,0.000000000000000000e+00,3.950795947901591942e-01,4.240231548480463131e-01,0.000000000000000000e+00,0.000000000000000000e+00,0.000000000000000000e+00,0.000000000000000000e+00,1.447178002894355898e-03,4.341534008683068345e-03,7.235890014471779708e-03,9.840810419681621235e-02,0.000000000000000000e+00,0.000000000000000000e+00,0.000000000000000000e+00,0.000000000000000000e+00
1.963534361851332344e-02,1.823281907433380034e-02,1.098644226273959856e-01,6.545114539504441435e-03,0.000000000000000000e+00,0.000000000000000000e+00,0.000000000000000000e+00,0.000000000000000000e+00,2.066386161757830797e-01,1.809256661991584803e-01,7.106124357176250850e-02,1.683029453015427723e-02,0.000000000000000000e+00,0.000000000000000000e+00,0.000000000000000000e+00,0.000000000000000000e+00,1.402524544179523103e-03,2.805049088359046205e-03,5.984104721832632368e-02,4.067321178120616998e-02,0.000000000000000000e+00,0.000000000000000000e+00,0.000000000000000000e+00,0.000000000000000000e+00,4.675081813931744037e-04,8.695652173913043237e-02,1.309022907900888287e-02,1.650303880317905425e-01,0.000000000000000000e+00,0.000000000000000000e+00,0.000000000000000000e+00,0.000000000000000000e+00
0.000000000000000000e+00,0.000000000000000000e+00,1.116625310173697226e-02,0.000000000000000000e+00,0.000000000000000000e+00,0.000000000000000000e+00,0.000000000000000000e+00,0.000000000000000000e+00,0.000000000000000000e+00,1.378549765646539839e-04,4.549214226633581902e-03,2.757099531293079678e-04,0.000000000000000000e+00,0.000000000000000000e+00,0.000000000000000000e+00,0.000000000000000000e+00,0.000000000000000000e+00,0.000000000000000000e+00,2.686793493245105968e-01,1.127653708298869545e-01,0.000000000000000000e+00,0.000000000000000000e+00,0.000000000000000000e+00,0.000000000000000000e+00,0.000000000000000000e+00,0.000000000000000000e+00,1.264130135097877028e-01,4.758753791011855472e-01,0.000000000000000000e+00,0.000000000000000000e+00,0.000000000000000000e+00,1.378549765646539839e-04
3.671924290220820314e-02,1.261829652996845517e-04,1.123028391167192434e-02,1.261829652996845517e-04,0.000000000000000000e+00,0.000000000000000000e+00,0.000000000000000000e+00,0.000000000000000000e+00,2.171608832807571110e-01,6.170347003154574156e-02,4.429022082018927581e-02,4.416403785488958768e-03,0.000000000000000000e+00,0.000000000000000000e+00,0.000000000000000000e+00,0.000000000000000000e+00,1.236593059936908455e-02,3.154574132492113468e-03,5.059936908517349841e-02,6.182965299684542275e-03,0.000000000000000000e+00,0.000000000000000000e+00,0.000000000000000000e+00,0.000000000000000000e+00,2.157728706624605780e-02,1.531861198738170282e-01,1.187381703470031524e-01,2.582965299684542582e-01,0.000000000000000000e+00,1.261829652996845517e-04,0.000000000000000000e+00,0.000000000000000000e+00
1.498127340823970054e-02,0.000000000000000000e+00,3.745318352059925134e-03,0.000000000000000000e+00,6.367041198501872945e-02,1.161048689138576839e-01,3.745318352059925134e-03,1.498127340823970054e-02,2.621722846441947724e-02,0.000000000000000000e+00,0.000000000000000000e+00,0.000000000000000000e+00,2.509363295880149836e-01,8.614232209737827939e-02,7.490636704119850268e-03,0.000000000000000000e+00,3.745318352059925134e-03,0.000000000000000000e+00,0.000000000000000000e+00,0.000000000000000000e+00,2.247191011235954994e-02,5.992509363295880215e-02,1.123595505617977497e-02,1.123595505617977497e-02,1.872659176029962610e-02,0.000000000000000000e+00,0.000000000000000000e+00,0.000000000000000000e+00,1.086142322097378293e-01,1.573033707865168496e-01,1.123595505617977497e-02,7.490636704119850268e-03
1.872074882995319921e-03,3.120124804992199796e-03,1.872074882995319921e-03,0.000000000000000000e+00,2.561622464898595797e-01,1.117004680187207444e-01,4.680187207488299694e-03,0.000000000000000000e+00,4.056162246489859215e-03,3.120124804992199688e-04,0.000000000000000000e+00,0.000000000000000000e+00,1.613104524180967170e-01,1.394695787831513323e-01,1.872074882995319921e-03,0.000000000000000000e+00,0.000000000000000000e+00,1.872074882995319921e-03,0.000000000000000000e+00,0.000000000000000000e+00,1.154446177847113890e-02,5.397815912636505509e-02,9.360374414976599606e-04,0.000000000000000000e+00,2.496099843993759750e-03,0.000000000000000000e+00,0.000000000000000000e+00,0.000000000000000000e+00,6.427457098283931303e-02,1.722308892355694232e-01,6.240249609984399592e-03,0.000000000000000000e+00
3.723932472691161930e-03,3.723932472691161930e-03,8.440913604766633882e-03,0.000000000000000000e+00,2.730883813306851909e-03,1.142005958291956308e-02,3.475670307845084295e-02,5.958291956305859262e-03,0.000000000000000000e+00,0.000000000000000000e+00,0.000000000000000000e+00,0.000000000000000000e+00,1.564051638530288002e-02,2.234359483614697332e-03,3.972194637537239219e-03,0.000000000000000000e+00,0.000000000000000000e+00,2.730883813306851909e-03,0.000000000000000000e+00,0.000000000000000000e+00,1.241310824230387310e-03,3.649453823237338440e-02,2.363455809334657487e-01,2.701092353525322842e-01,4.965243296921549023e-04,0.000000000000000000e+00,2.482621648460774512e-04,0.000000000000000000e+00,1.713008937437934462e-02,7.671300893743793203e-02,8.142999006951340268e-02,1.844587884806355438e-01
5.179786785520688885e-03,5.240016864422092184e-03,6.023007890140335933e-03,0.000000000000000000e+00,4.216105523098235414e-02,5.179786785520688885e-03,1.300969704270312638e-02,6.023007890140335961e-05,0.000000000000000000e+00,0.000000000000000000e+00,0.000000000000000000e+00,0.000000000000000000e+00,5.113533698729145344e-02,2.878997771487080623e-02,1.204601578028067273e-03,0.000000000000000000e+00,0.000000000000000000e+00,2.770583629464554772e-03,0.000000000000000000e+00,0.000000000000000000e+00,3.589712702523640414e-02,3.312654339577184720e-02,1.277479973498765187e-01,1.614166114557610138e-02,0.000000000000000000e+00,0.000000000000000000e+00,0.000000000000000000e+00,0.000000000000000000e+00,5.806179606095283885e-02,3.808347888935734726e-01,9.865686924049869855e-02,8.877913630066855410e-02
5.301204819277108293e-03,1.012048192771084279e-02,1.493975903614457867e-01,3.180722891566264976e-02,0.000000000000000000e+00,0.000000000000000000e+00,0.000000000000000000e+00,0.000000000000000000e+00,6.746987951807228816e-03,2.409638554216867682e-03,1.012048192771084279e-02,4.819277108433734714e-04,0.000000000000000000e+00,0.000000000000000000e+00,0.000000000000000000e+00,0.000000000000000000e+00,0.000000000000000000e+00,5.301204819277108293e-03,2.910843373493975927e-01,3.681927710843373447e-01,0.000000000000000000e+00,4.819277108433734714e-04,4.819277108433734714e-04,0.000000000000000000e+00,3.855421686746987771e-03,1.831325301204819386e-02,3.132530120481927943e-02,6.168674698795180433e-02,0.000000000000000000e+00,9.638554216867469427e-04,9.638554216867469427e-04,9.638554216867469427e-04
6.668804103879448497e-02,5.541305974137009788e-02,1.727583627230949992e-01,2.073314096398418127e-02,0.000000000000000000e+00,0.000000000000000000e+00,0.000000000000000000e+00,0.000000000000000000e+00,7.112322325531687806e-02,8.234476862242171014e-02,1.490862455915357467e-02,4.061130704285561763e-03,0.000000000000000000e+00,0.000000000000000000e+00,0.000000000000000000e+00,0.000000000000000000e+00,2.351180934060061959e-03,1.806134444800683997e-02,1.723843112108581765e-01,1.651170246873998049e-01,0.000000000000000000e+00,0.000000000000000000e+00,5.343593031954686209e-05,0.000000000000000000e+00,2.458052794699155507e-03,5.466495671689643870e-02,1.886288340280004375e-02,7.796302233621887900e-02,0.000000000000000000e+00,5.343593031954686209e-05,0.000000000000000000e+00,0.000000000000000000e+00
0.000000000000000000e+00,0.000000000000000000e+00,2.796251511487303498e-02,6.045949214026601895e-04,0.000000000000000000e+00,0.000000000000000000e+00,0.000000000000000000e+00,0.000000000000000000e+00,0.000000000000000000e+00,0.000000000000000000e+00,1.058041112454655413e-03,1.511487303506650474e-04,0.000000000000000000e+00,0.000000000000000000e+00,0.000000000000000000e+00,0.000000000000000000e+00,0.000000000000000000e+00,1.511487303506650474e-04,3.483978234582829625e-01,3.819528415961305767e-01,0.000000000000000000e+00,0.000000000000000000e+00,0.000000000000000000e+00,1.012696493349455815e-02,0.000000000000000000e+00,0.000000000000000000e+00,1.647521160822248976e-02,2.126662636033857245e-01,0.000000000000000000e+00,0.000000000000000000e+00,3.022974607013300947e-04,1.511487303506650474e-04
0.000000000000000000e+00,0.000000000000000000e+00,3.200784593437945580e-02,8.915834522111269885e-05,0.000000000000000000e+00,0.000000000000000000e+00,0.000000000000000000e+00,0.000000000000000000e+00,1.604850213980028471e-03,4.457917261055635051e-03,2.095221112696148483e-02,4.814550641940085196e-03,0.000000000000000000e+00,0.000000000000000000e+00,0.000000000000000000e+00,0.000000000000000000e+00,3.566333808844507954e-04,8.915834522111269885e-05,2.533880171184023089e-01,1.172432239657631992e-01,0.000000000000000000e+00,0.000000000000000000e+00,3.566333808844507954e-04,0.000000000000000000e+00,0.000000000000000000e+00,2.648002853067047205e-02,7.917261055634806921e-02,4.587196861626248179e-01,0.000000000000000000e+00,0.000000000000000000e+00,8.915834522111269885e-05,1.783166904422253977e-04
