accuracy,phi
0.5006666666666667,0.0
0.49933333333333335,0.0
0.49933333333333335,0.0
0.49933333333333335,0.1602863545386839
0.5006666666666667,0.0
0.49366666666666664,0.04888330206341962
0.499,0.0
0.49966666666666665,0.0796044754991101
0.5006666666666667,0.06160161233364647
0.5006666666666667,0.0
0.5073333333333333,0.02722008177034496
0.5026666666666667,0.0
0.512,0.0
0.49866666666666665,0.0
0.5023333333333333,0.0
0.49733333333333335,0.0
0.5056666666666667,0.0
0.506,0.0
0.5136666666666667,0.06966891139706632
0.5203333333333333,0.11381518322627215
0.501,0.20052071926919268
0.5096666666666667,0.051354361372709434
0.528,1.2715613108894956
0.5543333333333333,5.184833057664449
0.508,2.367902224517941
0.548,7.133826411195493
0.49566666666666664,9.287785877384088
0.5756666666666667,6.216585192414939
0.5426666666666666,4.96259726049842
0.5923333333333334,11.34918423446041
0.5793333333333334,8.71872018340811
0.6036666666666667,7.110865639248573
0.5863333333333334,5.318200545028311
0.609,7.599929305422599
0.6093333333333333,8.491471294446065
0.6646666666666666,7.821035693313696
0.5006666666666667,2.0095722652313555
0.5243333333333333,5.756328986934719
0.529,5.630816703727419
0.5416666666666666,3.920992174254053
0.5876666666666667,15.342591444137518
0.545,4.174444474161568
0.5473333333333333,6.124285482410528
0.58,7.0587449678979866
0.5776666666666667,3.7458147558664763
0.5906666666666667,3.3816589294122323
0.6296666666666667,4.290376632431759
0.554,4.775081713437174
0.5903333333333334,11.632527632259396
0.5663333333333334,8.835780912789943
0.5583333333333333,8.742704525521361
0.5916666666666667,9.20962758461539
0.593,6.957516310795768
0.594,6.5512642850597445
0.5853333333333334,7.158891146674584
0.579,9.118080074180789
0.5876666666666667,8.407442249268271
0.616,11.68952906843812
0.5203333333333333,2.485033457353083
0.6216666666666667,3.7524787194783897
0.5423333333333333,5.737630637439693
0.527,4.580141293589122
0.5173333333333333,7.077309720773485
0.586,8.999677278584969
0.6986666666666667,9.411450257882656
0.508,10.002278577423859
0.5636666666666666,11.53560018975999
0.5373333333333333,9.773699296652865
0.5673333333333334,11.092157452787163
0.5363333333333333,9.421714191591207
0.5526666666666666,9.600108185691482
0.5563333333333333,10.082833032622865
0.5563333333333333,11.294552962348483
0.557,10.167579527971839
0.5496666666666666,9.564683911396791
0.5763333333333334,10.550639636083325
0.5713333333333334,10.271508529006411
0.5786666666666667,9.979643680300782
0.5813333333333334,10.398359003374914
0.5833333333333334,7.607844225499029
0.584,10.176528314377968
0.5643333333333334,9.060391418162212
0.573,9.490731310566602
0.584,9.37700735963773
0.6066666666666667,9.011019550336783
0.6043333333333333,7.878676099082675
0.582,7.302883682146266
0.6116666666666667,6.505634406026026
0.614,4.934024542872052
0.579,6.165270672722798
0.6096666666666667,6.330691445427462
0.6823333333333333,4.4356854575830695
0.492,4.77393806637302
0.5596666666666666,5.6072841206274475
0.594,5.579513980021318
0.5156666666666667,6.838670388082349
0.5606666666666666,6.452812899164826
0.531,6.310977254199251
0.564,5.189973623494026
0.6096666666666667,6.5200547739057555
0.624,6.517287683820136
0.6243333333333333,5.583904750190868
0.49433333333333335,7.104934778348699
0.561,6.391141639198281
0.5896666666666667,6.716558614425949
0.5703333333333334,5.216397544545622
0.591,6.335529577292505
0.6383333333333333,4.826372227583441
0.65,6.5358675978279805
0.7663333333333333,14.646749056171927
0.811,10.066210434552886
0.6126666666666667,5.06811186295181
0.589,10.62503238357008
0.5706666666666667,7.029988195059701
0.5206666666666667,6.5088204374581835
0.5366666666666666,6.706875291349824
0.6426666666666667,6.305715993391296
0.6026666666666667,7.680117038852984
0.49966666666666665,6.074867071617454
0.529,5.69242628619439
0.5313333333333333,5.137485784006884
0.5926666666666667,4.689069489215392
0.6606666666666666,5.8188863841396525
0.646,5.188741769503551
0.7136666666666667,5.130979766774907
0.606,4.682278222125767
0.738,6.84343031863871
0.67,4.648241684424612
0.8176666666666667,8.612155393317735
0.801,3.603996402148745
0.6216666666666667,5.414690526530265
0.5926666666666667,5.2535102248040815
0.7603333333333333,4.8238281266714935
0.8603333333333333,5.119118066788296
0.8833333333333333,12.737542159155268
0.8953333333333333,11.845579935990429
0.9773333333333334,22.201863389681478
0.6076666666666667,13.863367677717193
0.721,10.848879317690283
0.7193333333333334,11.112018102565266
0.809,15.393701616099435
0.7653333333333333,16.003966904967854
0.713,13.116486592328748
0.769,5.877924800240301
0.8366666666666667,5.915226099593006
0.688,6.968813552051387
0.8673333333333333,15.021865541326306
0.8666666666666667,9.132161566587854
0.9216666666666666,15.445504316946554
0.8243333333333334,18.36118403180599
0.8953333333333333,16.561503825397835
0.9293333333333333,14.137783544589631
0.9566666666666667,17.438769016425937
0.916,13.666078775325744
0.785,15.05567474113807
0.9366666666666666,15.77116247318407
0.9423333333333334,14.542374529146954
0.9526666666666667,15.60906843997099
0.9333333333333333,16.313705519714432
0.9796666666666667,15.823518382890953
0.941,19.502883199810015
0.947,18.099423442326767
0.9356666666666666,18.10958255755842
0.9686666666666667,16.319951166880053
0.8596666666666667,14.189080115094654
0.9576666666666667,18.797810619044043
0.9703333333333334,18.034416485417793
0.9726666666666667,13.734600836749024
0.9886666666666667,13.250375799037691
0.991,13.498423301422832
0.9876666666666667,11.153277905442877
1.0,6.272935215036391
0.9936666666666667,18.453568897508383
0.975,9.85954009756285
0.998,8.516542153489723
0.9926666666666667,10.819890788914677
0.9993333333333333,16.174038617336834
0.996,16.505855168557417
0.9603333333333334,13.466878323346755
0.986,10.767602881108324
0.9976666666666667,12.22761453107811
0.997,10.727393632945848
0.9943333333333333,14.814469823645098
1.0,14.33796969174471
1.0,12.723646974214503
0.999,14.544276189493026
1.0,6.594463783187351
1.0,14.629096366923918
0.999,16.534496831225553
0.9996666666666667,15.807859382042508
1.0,7.695174181200919
0.995,14.867098012006494
1.0,6.96384777963187
1.0,16.646910728848027
0.999,14.940047828217644
0.997,9.30024698169403
1.0,8.699551289749877
0.9956666666666667,17.357988191725354
0.952,10.846225752958773
0.7546666666666667,10.193821469374683
0.7193333333333334,10.577532202495547
0.7806666666666666,8.990316770417891
0.817,9.089210897638111
0.853,10.792506014935107
0.891,14.7694798543859
0.8866666666666667,7.645190497845782
0.9173333333333333,7.844233537851345
0.917,10.534753134442916
0.9863333333333333,13.89178233096355
0.5443333333333333,9.086417549623206
0.547,10.22660326621292
0.6626666666666666,10.290790812790057
0.6673333333333333,11.006516307330948
0.6173333333333333,10.07599618717719
0.596,11.172484364900733
0.6776666666666666,9.240348640209909
0.572,9.957689999093354
0.7313333333333333,9.557477386680908
0.8203333333333334,10.46349974161609
0.871,10.383850320326353
0.89,10.899566080928977
0.9206666666666666,10.75831924536405
0.9623333333333334,9.21156135522456
0.9333333333333333,7.459432357647643
0.939,8.518801798763754
0.9686666666666667,8.35197810440382
0.9666666666666667,7.652730158302475
0.9596666666666667,10.149839582007665
0.9536666666666667,8.726416435998317
0.966,8.381949719236346
0.9656666666666667,8.833899321930971
0.9876666666666667,8.952924120225582
0.9823333333333333,8.174104883629788
0.9876666666666667,7.9865678474469135
0.9753333333333334,9.689044371047032
0.9873333333333333,8.953280751974688
0.9926666666666667,8.436011499082063
0.539,10.037429314200267
0.8616666666666667,8.327071509422318
0.9093333333333333,10.705024466713688
0.9343333333333333,8.365244163691159
0.9666666666666667,9.922381673393247
0.948,9.8994006271962
0.962,8.889444590401801
0.5843333333333334,12.272449311157793
0.7176666666666667,10.939164321704808
0.902,10.09212416053525
0.9266666666666666,7.6307852952491615
0.9776666666666667,10.052705024512044
0.9793333333333333,8.881165002527695
0.986,11.60239451437252
0.9843333333333333,8.43720039029499
0.972,10.399615261715596
0.9583333333333334,9.128901269606452
0.854,10.408592111392217
0.965,8.80833186767481
0.9966666666666667,9.497410961041403
0.9863333333333333,9.187179084456233
0.7996666666666666,11.574125413905627
0.996,9.349037656125965
0.991,10.740050966555842
0.988,11.23644825348348
0.9926666666666667,9.762916739861872
0.996,10.57412835732427
0.997,11.486306234815167
0.9883333333333333,9.607431611867689
1.0,9.961077689320355
0.996,8.846457193846888
0.9986666666666667,8.5665991886207
0.9933333333333333,9.107716499663347
0.9976666666666667,9.557611095272875
1.0,9.625543640777963
0.9986666666666667,8.222416146892378
0.9976666666666667,9.781819607599296
0.9963333333333333,10.274959132350801
0.9966666666666667,9.068724139281827
0.999,9.195444058967922
0.996,8.828724095663496
1.0,8.791421947463718
0.9973333333333333,10.075204008601723
0.9986666666666667,9.899260023095785
0.9973333333333333,9.39743724381794
0.6933333333333334,10.387254088823347
0.9113333333333333,9.881680619359734
0.973,9.570175848763974
0.9843333333333333,8.43517476797836
0.996,10.194716851644877
0.9043333333333333,10.20809121595908
0.9883333333333333,10.64927579492771
0.987,10.888864324703974
0.993,8.549826207989959
0.9776666666666667,9.301236105836978
0.9776666666666667,9.845806166157942
0.9953333333333333,11.22346826843269
0.9943333333333333,10.465589325842366
0.5926666666666667,10.765561123656916
0.7943333333333333,9.828527169434366
0.8263333333333334,9.922171854059442
0.8573333333333333,10.066797648416753
0.845,9.634235432130055
