epoch,phi
1,0.0
2,0.0
3,0.0
4,0.0
5,0.0
6,0.0
7,0.0
8,0.0
9,0.0
10,0.0
11,0.0
12,0.0
13,0.0
14,0.0
15,0.0
16,0.0
17,0.0
18,0.0
19,0.0
20,0.0
21,0.0
22,0.0
23,0.0
24,0.0
25,0.06713016769874969
26,0.12043779293070855
27,0.13018811909816463
28,0.09339255429274829
29,0.11162951544213229
30,0.10036585714633617
31,0.0727106479078401
32,0.10901256573004758
33,0.17766665632915135
34,0.26840895693169387
35,0.21408149573801438
36,0.1765583939213613
37,0.1317801381794652
38,0.1264186035301762
39,0.051104233890043815
40,0.021353371026819445
41,0.07727217966754552
42,0.0005154147123747066
43,0.038428143587665886
44,0.06408508329992202
45,0.2560650471160315
46,0.2421226696765686
47,0.4440601327203737
48,0.6208984334466621
49,0.5053610614760871
50,0.4640407737511367
51,0.7439303595478108
52,0.3080560437114741
53,1.135497583307341
54,1.7729907636327482
55,1.8625102296539495
56,1.9200639618748099
57,1.9639539509480102
58,2.0179478759501492
59,2.0398240988635905
60,1.7681514742597173
61,1.5169036440073569
62,1.5486303607985334
63,1.8809268253800084
64,6.450483742583401
65,1.696767136464942
66,1.8830128179023617
67,2.131229089792633
68,2.531458599592824
69,2.5473402818808992
70,3.701239607077433
71,3.68243034462661
72,4.469228017203228
73,5.926156762996428
74,4.6530155708255805
75,4.951390844623134
76,5.498911855275857
77,4.898732018355915
78,5.157186276687327
79,4.7034483842777774
80,4.878900540755609
81,5.133902792326552
82,4.626404561454471
83,4.764480655359499
84,4.921053861434181
85,4.859740507434495
86,4.68348463944384
87,4.151616242325964
88,4.154767534740024
89,3.8841824205754563
90,3.703742681272651
91,3.297591431002651
92,3.0978116814874426
93,2.4842906007545977
94,2.765727845562459
95,2.6539824253820044
96,3.819639323747431
97,3.4190013122909164
98,3.2648601257206735
99,3.2338272040467544
100,3.234306745138234
101,3.7269725168603003
102,3.3104429823133614
103,3.8079316587487284
104,3.447165156798931
105,3.5123928648274685
106,3.7831822521389995
107,3.406735045118708
108,2.6808697021739434
109,2.4843016318720714
110,2.581973395095936
111,2.6220253288380064
112,2.4495833082313823
113,2.7409102317451897
114,2.1989549182756605
115,2.411202684061699
116,2.192935986332664
117,2.399764942899928
118,2.1628658792771276
119,2.870856924923636
120,2.2580885634670977
121,2.158286044521013
122,2.3884840913306817
123,1.800420091817145
124,2.0356860446124045
125,3.0872312594773774
126,2.51682796543799
127,2.649911732787011
128,2.5887975758604895
129,2.5108163784798734
130,2.300798300894357
131,2.49661191186496
132,2.4206502667393863
133,2.7782548105118323
134,2.063540919547698
135,2.400753892733846
136,2.1764837926035767
137,2.221109933964044
138,1.8818856589942712
139,2.3877817424764984
140,1.911220951255963
141,2.2470352651460246
142,2.1163992786433994
143,2.372895804623411
144,2.3003114888908556
145,2.092232603774434
146,3.6249121751768882
147,4.270549537202527
148,5.221521492128531
149,4.762202115063985
150,5.005879506663916
151,4.370189439418311
152,3.5608148008695366
153,3.7918804741870247
154,4.2995514126275864
155,3.6735613943132464
156,4.236991575848876
157,3.8186562431996762
158,3.553789473453186
159,3.8616220404442956
160,3.844317892541021
161,3.549801032029521
162,3.7786360547150792
163,3.747825330711322
164,3.483678321627231
165,3.544846917996672
166,3.9469441365482894
167,3.3814374893211365
168,3.6141146285064423
169,3.441878596993554
170,4.0958190308625575
171,4.078898703918846
172,4.331822153172006
173,4.075370194117639
174,3.201117243473952
175,3.4561236250603784
176,3.599010764370277
177,3.0097880766797616
178,2.980832535990004
179,3.121566544451653
180,3.168179625242992
181,2.912114618688399
182,2.8269034061105174
183,2.86119488185512
184,2.5036154397935917
185,2.7900567119434
186,3.6100956603470493
187,3.533327874986007
188,2.970543676799039
189,2.4304160367431606
190,3.0602527541259406
191,2.944625085902331
192,3.5669768516978664
193,3.574416161607857
194,2.992091317654129
195,3.066578200858288
196,2.9152056502828856
197,2.3555936936971733
198,2.4554592922792438
199,2.820571676379437
200,2.3883113379623637
201,2.569231352425909
202,2.7335580438971476
203,2.9783394031056503
204,2.395896756828151
205,2.3934883141962544
206,3.228718070304353
207,3.0518842061943445
208,2.9564012555009356
209,2.9669179566573476
210,3.197671664264753
211,2.917561672779968
212,2.421019686455729
213,2.205766603515606
214,3.2653831702955287
215,2.432562816832963
216,3.047155147308324
217,2.401080686877222
218,2.4852549799194676
219,2.0212848913009793
220,2.033874383877894
221,2.661057393191655
222,2.322080267134467
223,2.705428980120196
224,2.1894676768658314
225,2.3942811537220763
226,2.1195800855097815
227,2.6048291288956023
228,2.003259400118516
229,2.0911972723498167
230,1.975908717602401
231,2.890269797338206
232,2.3172647229078436
233,2.880142496169121
234,3.0471165655655525
235,2.9224604066117763
236,2.9241530017934636
237,2.6694350462913405
238,2.8481621853856467
239,2.1844314617112204
240,2.433994578634234
241,2.231146894054021
242,2.772712420238001
243,2.745665257726664
244,2.276365913991256
245,2.11963228184441
246,2.362439793024926
247,1.9050619479397568
248,3.5295280647601004
249,2.2447478640370164
250,2.772954791870454
251,2.592108790226817
252,2.7096187829549834
253,4.587828008520532
254,2.4494431488722057
255,3.163247399552418
256,2.4515870819951715
257,1.2860709865355489
258,2.4894022293268847
259,1.3817055960170563
260,1.2123429513119106
261,1.2951803361943064
262,1.886505941212576
263,1.7558812583134085
264,1.8216903153179658
265,1.7871880061232872
266,1.9050022883668873
267,2.1604227770267244
268,1.9975874790648902
269,1.9944653034840343
270,1.8944975030390623
271,1.9910086670162315
272,1.7505818810573288
273,2.2160496775059215
274,2.267891269159591
275,1.862033387278899
276,1.9187230397953385
277,2.274391026932591
278,2.344359575698533
279,1.9995357670451739
280,2.1810090555194677
281,2.5094940583977774
282,3.3771516006820548
283,2.865896361476814
284,3.323915263851518
285,2.729104066121721
286,2.7048794675095564
287,3.0048988288546497
288,2.507760536051677
289,2.3519854532853373
290,2.205627302883613
291,2.0706089838921002
292,1.9733178227879478
293,1.947611533257188
294,1.8785483086603705
295,1.9002045568913815
296,1.8932104563958347
297,1.8703386309666001
298,2.016728542724138
299,1.9998871837732821
300,1.98036516519565
